instance,rows,columns,nonzeros,reference_objective,solver,requested_engine,executed_engine,solver_status,checker_verdict,primal_feasible,optimality_verified,objective,abs_difference_vs_reference,relative_difference_vs_reference,max_row_violation_abs,max_bound_violation_abs,duality_gap_normalised,iterations,wall_seconds,engine_seconds,peak_memory_mb
adlittle,56,97,383,225494.96316,optimsolver:dual_simplex,dual_simplex,dual_simplex,optimal,optimal_verified,yes,yes,225494.9631623795,2.379500074312091e-06,1.0552342460077952e-11,1.5688783605583012e-11,6.206346218737689e-13,3.549319025473443e-15,86,0.01,0.006657125,1.9
adlittle,56,97,383,225494.96316,optimsolver:pdlp,pdlp,pdlp,optimal,feasible,yes,no,225494.9619510624,0.0012089376104995608,5.3612621477569716e-09,5.353868573365617e-06,0.0,,8000,0.015,0.012190917,1.8
adlittle,56,97,383,225494.96316,highs:highs-ds,,simplex,optimal,optimal_verified,yes,yes,225494.96316238047,2.380460500717163e-06,1.055660165235255e-11,6.821210263296962e-13,0.0,2.5813229276170307e-16,87,0.019,0.0,4.3
afiro,27,32,83,-464.75314286,optimsolver:dual_simplex,dual_simplex,dual_simplex,optimal,optimal_verified,yes,yes,-464.7531428571428,2.857234449038515e-09,6.147853958459866e-12,4.263256414560601e-14,0.0,0.0,16,0.003,0.000737167,1.6
afiro,27,32,83,-464.75314286,optimsolver:pdlp,pdlp,pdlp,optimal,optimal_verified,yes,yes,-464.7531431267798,2.6677975029087975e-07,5.740246284210821e-10,1.7783415984240492e-07,0.0,6.245182051466651e-10,700,0.003,0.000914208,1.6
afiro,27,32,83,-464.75314286,highs:highs-ds,,simplex,optimal,optimal_verified,yes,yes,-464.75314285714285,2.857177605619654e-09,6.147731649617561e-12,5.684341886080802e-14,0.0,2.0586891727858653e-14,6,0.004,0.0,3.6
blend,74,83,491,-30.812149846,optimsolver:dual_simplex,dual_simplex,dual_simplex,limit_reached,feasible,yes,no,8.049510844793924e-15,30.812149846000008,1.0000000000000002,3.379532477159258e-14,2.0366248679823063e-15,,35,0.016,0.011884583,1.8
blend,74,83,491,-30.812149846,optimsolver:pdlp,pdlp,pdlp,optimal,optimal_verified,yes,yes,-30.812149288471314,5.575286863290785e-07,1.8094442910203366e-08,1.5069215697494087e-07,0.0,9.631953461608313e-10,2800,0.017,0.013716959,1.7
blend,74,83,491,-30.812149846,highs:highs-ds,,simplex,optimal,optimal_verified,yes,yes,-30.812149845827705,1.722959552807879e-10,5.591818686522296e-12,9.18112808001581e-13,0.0,9.757662053905632e-15,80,0.005,0.0,3.8
degen2,444,534,3978,-1435.178,optimsolver:dual_simplex,dual_simplex,dual_simplex,optimal,optimal_verified,yes,yes,-1435.178000000005,5.002220859751105e-12,3.4854358551699424e-15,1.9539925233402755e-13,1.0607870081775561e-13,1.108616088080072e-15,834,1.503,1.492878417,9.1
degen2,444,534,3978,-1435.178,optimsolver:pdlp,pdlp,pdlp,optimal,optimal_verified,yes,yes,-1435.1779986888566,1.3111434782331344e-06,9.135755134437222e-10,1.565053793228799e-07,0.0,4.554666845624094e-10,5700,0.496,0.485549625,3.5
degen2,444,534,3978,-1435.178,highs:highs-ds,,simplex,optimal,optimal_verified,yes,yes,-1435.178,0.0,0.0,1.1102230246251565e-16,0.0,3.167474537371641e-16,458,0.022,0.01,5.1
recipe,91,180,663,-266.616,optimsolver:dual_simplex,dual_simplex,dual_simplex,optimal,optimal_verified,yes,yes,-266.616,0.0,0.0,0.0,0.0,5.320106139355935e-16,45,0.028,0.024570292,2.1
recipe,91,180,663,-266.616,optimsolver:pdlp,pdlp,pdlp,optimal,optimal_verified,yes,yes,-266.6159999926638,7.336211638175882e-09,2.7516021687280143e-11,9.431904146595116e-10,0.0,1.4439619279382378e-11,1100,0.026,0.023159958,1.8
recipe,91,180,663,-266.616,highs:highs-ds,,simplex,optimal,optimal_verified,yes,yes,-266.61600000000027,2.8421709430404007e-13,1.0660166468030417e-15,0.0,0.0,5.320106139355935e-16,19,0.005,0.0,3.9
sc50a,50,48,130,-64.575077059,optimsolver:dual_simplex,dual_simplex,dual_simplex,optimal,optimal_verified,yes,yes,-64.57507705856452,4.354774318926502e-10,6.743738478155739e-12,7.105427357601002e-14,2.7108001381980616e-15,1.0918815126728856e-16,45,0.004,0.001828709,1.6
sc50a,50,48,130,-64.575077059,optimsolver:pdlp,pdlp,pdlp,optimal,optimal_verified,yes,yes,-64.5750769326571,1.263428970332825e-07,1.9565272360085208e-09,7.564709392227087e-08,0.0,8.713824857347814e-10,2400,0.005,0.00268475,1.6
sc50a,50,48,130,-64.575077059,highs:highs-ds,,simplex,optimal,optimal_verified,yes,yes,-64.5750770585645,4.354916427473654e-10,6.743958545329677e-12,1.1368683772161603e-13,0.0,1.728448434561477e-13,18,0.004,0.0,3.6
sc50b,50,48,118,-70.0,optimsolver:dual_simplex,dual_simplex,dual_simplex,optimal,optimal_verified,yes,yes,-69.99999999999999,1.4210854715202004e-14,2.0301221021717148e-16,4.618527782440651e-14,0.0,1.0078620365391492e-16,49,0.004,0.001674042,1.6
sc50b,50,48,118,-70.0,optimsolver:pdlp,pdlp,pdlp,optimal,feasible,yes,no,-70.00000276497916,2.764979157632297e-06,3.949970069166354e-08,2.115101153776777e-06,0.0,,2600,0.005,0.002575541,1.6
sc50b,50,48,118,-70.0,highs:highs-ds,,simplex,optimal,optimal_verified,yes,yes,-70.0,0.0,0.0,1.4210854715202004e-14,0.0,7.095348737236114e-14,18,0.005,0.0,3.6
share2b,96,79,694,-415.73224074,optimsolver:dual_simplex,dual_simplex,dual_simplex,limit_reached,feasible,yes,no,-374.5226235471925,41.209617192807514,0.0991253820474802,3.849164709415001e-11,5.3148382169752297e-14,,134,0.106,0.102761459,2.0
share2b,96,79,694,-415.73224074,optimsolver:pdlp,pdlp,pdlp,optimal,optimal_verified,yes,yes,-415.73224311739375,2.3773937414262036e-06,5.718569537929439e-09,3.872193303777749e-07,0.0,2.1283488222751203e-09,60000,0.156,0.152599334,1.9
share2b,96,79,694,-415.73224074,highs:highs-ds,,simplex,optimal,optimal_verified,yes,yes,-415.7322407414197,1.4196643860486802e-09,3.414852751176674e-12,9.848122317634989e-12,0.0,3.141031630490126e-15,99,0.006,0.0,3.9
