"instance","rows","columns","nonzeros","cpu_status","cuda_status","cpu_iterations","cuda_iterations","cuda_executed","cpu_seconds","cuda_seconds","cpu_min_seconds","cpu_max_seconds","cuda_min_seconds","cuda_max_seconds","speedup","cuda_setup_seconds","cuda_h2d_bytes","cuda_d2h_bytes","cpu_kkt_solve_seconds","cuda_kkt_solve_seconds","cuda_host_check_seconds","cpu_objective","cuda_objective","objective_error","relative_objective_error"
"1000x2000x10","1000","2000","9977","optimal","optimal","6000","6000","cuda","0.080587699999999998","0.45433610000000002","0.079379099999999994","0.090638899999999994","0.45055479999999998","0.4841162","0.1773746352094847722919382717","0.00062799999999999998","399464","1584264",,,"0.0063058999999999988","-2819.4400837346952","-2819.4400998112683","0.0000160765731","0.0000000057020445984099701237"
"10000x20000x10","10000","20000","99976","optimal","optimal","11200","11200","cuda","0.79305309999999996","2.2511051000000002","0.64453000000000005","7.3227757000000002","1.5794915","2.4518154000000001","0.3522950127917172279255186449","0.0042356","3999440","27149400",,,"0.24943500000000005","-28687.071528715642","-28687.071544378967","0.000015663325","0.0000000005460064121331136318"
"25000x50000x10","25000","50000","249972","optimal","optimal","7800","7800","cuda","8.0803896000000002","2.3900082999999999","1.0432490000000001","8.3425160999999992","1.6839644","2.4794285","3.3809044094114654489235208686","0.0065234999999999998","9999344","46987488",,,"0.38344449999999997","-72340.338761675346","-72340.338753170261","0.000008505085","0.0000000001175704336693794948"
"50000x100000x10","50000","100000","499974","optimal","optimal","8000","8000","cuda","11.273910600000001","2.7807407999999998","2.2244809999999999","16.369983000000001","2.6772320999999999","3.0815117000000001","4.0542831608037692009469678586","0.0062959000000000001","19999392","96192504",,,"0.25739199999999995","-142918.78791994855","-142918.78788435025","0.00003559830","0.0000000002490806178676742805"
"75000x150000x10","75000","150000","749971","optimal","optimal","9000","9000","cuda","5.8126727000000002","5.9292066999999999","5.1480940999999998","29.731899800000001","5.9076937999999997","5.9512770000000002","0.9803457686843672186423483716","0.0149252","29999320","162216240",,,"1.4020217000000001","-216316.16900111432","-216316.16922240146","0.00022128714","0.0000000010229801175836300991"
"100000x200000x10","100000","200000","999977","optimal","optimal","9000","9000","cuda","40.437853400000002","7.6566853000000004","39.009119800000001","40.9559669","7.1328860000000001","7.7022278000000002","5.2813785359573286742565461868","0.015873600000000002","39999464","216216888",,,"1.8089794000000001","-287682.70731925347","-287682.70730664767","0.00001260580","0.0000000000438184141044348419"
"150000x300000x10","150000","300000","1499978","optimal","optimal","8600","8800","cuda","59.544982400000002","10.6674671","51.919504699999997","61.052440500000003","10.498094","10.694757600000001","5.5819232289921945950974622645","0.031516700000000002","59999488","317011392",,,"2.7761950000000004","-435185.15458176495","-435185.15430992696","0.00027183799","0.0000000006246490422249125023"
"200000x400000x10","200000","400000","1999974","optimal","optimal","8600","8600","cuda","80.830558300000007","17.754956100000001","63.262314500000002","82.611870100000004","10.657159699999999","29.563018899999999","4.5525631178553013965174986912","0.020822","79999392","413006760",,,"1.0184018000000001","-579869.99995407241","-579870.00001042709","0.00005635468","0.0000000000971850242372661352"
"500000x1000000x10","500000","1000000","4999978","optimal","optimal","8800","8800","cuda","149.7731569","37.739362300000003","84.948413400000007","352.51532329999998","37.596169099999997","37.927408499999999","3.9686191756345598901161738257","0.088551400000000002","199999488","1056211584",,,"9.6236658999999989","-1444438.3404404505","-1444438.340364682","0.0000757685","0.0000000000524553370529447777"
